{
  "checkpoint_path": "./aya_saved_models//aya-expanse-8b_nm",
  "max_samples": null,
  "validation_metrics": {
    "accuracy": 0.5935672514619883,
    "f1_macro": 0.5773460769059792,
    "precision_macro": 0.6260506752947095,
    "recall_macro": 0.6683074856090527,
    "invalid_percent": 4.067321178120617,
    "total_samples": 713,
    "valid_samples": 684
  },
  "test_metrics": {
    "accuracy": 0.5927903871829105,
    "f1_macro": 0.5827831502433589,
    "precision_macro": 0.6343656197379017,
    "recall_macro": 0.6682248987149169,
    "invalid_percent": 4.219948849104859,
    "total_samples": 782,
    "valid_samples": 749
  }
}