{
  "checkpoint_path": "./aya_saved_models//aya-expanse-8b_us",
  "max_samples": null,
  "validation_metrics": {
    "accuracy": 0.7862266857962698,
    "f1_macro": 0.5313767694133467,
    "precision_macro": 0.8171713441654358,
    "recall_macro": 0.5493382504997587,
    "invalid_percent": 2.244039270687237,
    "total_samples": 713,
    "valid_samples": 697
  },
  "test_metrics": {
    "accuracy": 0.7568988173455979,
    "f1_macro": 0.5103488093043639,
    "precision_macro": 0.7866281215401649,
    "recall_macro": 0.5416674117920564,
    "invalid_percent": 2.6854219948849107,
    "total_samples": 782,
    "valid_samples": 761
  }
}