{
  "checkpoint_path": "./aya_saved_models//aya-expanse-8b_bl",
  "max_samples": null,
  "validation_metrics": {
    "accuracy": 0.8228438228438228,
    "f1_macro": 0.7328416912487709,
    "precision_macro": 0.7482241103140888,
    "recall_macro": 0.7213544901254503,
    "invalid_percent": 39.83169705469846,
    "total_samples": 713,
    "valid_samples": 429
  },
  "test_metrics": {
    "accuracy": 0.7861915367483296,
    "f1_macro": 0.6912320916905444,
    "precision_macro": 0.7389937106918238,
    "recall_macro": 0.6733594024164035,
    "invalid_percent": 42.58312020460358,
    "total_samples": 782,
    "valid_samples": 449
  }
}